{
  "strategy": "Adaptive Class-Specific Thresholds",
  "class_thresholds": {
    "1": 0.25,
    "2": 0.45,
    "3": 0.5,
    "4": 0.35,
    "5": 0.5,
    "6": 0.45,
    "7": 0.25,
    "8": 0.3,
    "9": 0.25,
    "10": 0.5,
    "11": 0.5,
    "12": 0.4
  },
  "total_detections": 22093,
  "total_ground_truths": 7380,
  "detection_rate": 2.993631436314363,
  "mean_precision": 0.13754373765908764,
  "mean_recall": 0.30921167905526015,
  "mean_f1_score": 0.16427302270343722,
  "mAP@0.5": 0.13754373765908764,
  "per_class_metrics": {
    "Human arm": {
      "threshold": 0.25,
      "detections": 3252,
      "baseline_detections": 203,
      "change": 3049,
      "ground_truth": 517,
      "precision": 0.0470479704797048,
      "recall": 0.29593810444874274,
      "f1_score": 0.08118864420270629,
      "baseline_precision": 0.07881773399014778,
      "baseline_recall": 0.030947775628626693,
      "true_positives": 153,
      "false_positives": 3099,
      "false_negatives": 364
    },
    "Human body": {
      "threshold": 0.45,
      "detections": 189,
      "baseline_detections": 75,
      "change": 114,
      "ground_truth": 577,
      "precision": 0.18518518518518517,
      "recall": 0.060658578856152515,
      "f1_score": 0.09138381201044388,
      "baseline_precision": 0.18666666666666668,
      "baseline_recall": 0.024263431542461005,
      "true_positives": 35,
      "false_positives": 154,
      "false_negatives": 542
    },
    "Human ear": {
      "threshold": 0.5,
      "detections": 901,
      "baseline_detections": 901,
      "change": 0,
      "ground_truth": 857,
      "precision": 0.2519422863485017,
      "recall": 0.26487747957992996,
      "f1_score": 0.2582480091012514,
      "baseline_precision": 0.2519422863485017,
      "baseline_recall": 0.26487747957992996,
      "true_positives": 227,
      "false_positives": 674,
      "false_negatives": 630
    },
    "Human eye": {
      "threshold": 0.35,
      "detections": 4382,
      "baseline_detections": 2251,
      "change": 2131,
      "ground_truth": 637,
      "precision": 0.08146964856230032,
      "recall": 0.5604395604395604,
      "f1_score": 0.14225941422594143,
      "baseline_precision": 0.0964015992892048,
      "baseline_recall": 0.34065934065934067,
      "true_positives": 357,
      "false_positives": 4025,
      "false_negatives": 280
    },
    "Human face": {
      "threshold": 0.5,
      "detections": 1786,
      "baseline_detections": 1786,
      "change": 0,
      "ground_truth": 635,
      "precision": 0.125979843225084,
      "recall": 0.3543307086614173,
      "f1_score": 0.1858736059479554,
      "baseline_precision": 0.125979843225084,
      "baseline_recall": 0.3543307086614173,
      "true_positives": 225,
      "false_positives": 1561,
      "false_negatives": 410
    },
    "Human foot": {
      "threshold": 0.45,
      "detections": 507,
      "baseline_detections": 410,
      "change": 97,
      "ground_truth": 369,
      "precision": 0.23865877712031558,
      "recall": 0.32791327913279134,
      "f1_score": 0.2762557077625571,
      "baseline_precision": 0.2682926829268293,
      "baseline_recall": 0.2981029810298103,
      "true_positives": 121,
      "false_positives": 386,
      "false_negatives": 248
    },
    "Human hair": {
      "threshold": 0.25,
      "detections": 3291,
      "baseline_detections": 66,
      "change": 3225,
      "ground_truth": 479,
      "precision": 0.06806441810999696,
      "recall": 0.46764091858037576,
      "f1_score": 0.11883289124668435,
      "baseline_precision": 0.19696969696969696,
      "baseline_recall": 0.027139874739039668,
      "true_positives": 224,
      "false_positives": 3067,
      "false_negatives": 255
    },
    "Human hand": {
      "threshold": 0.3,
      "detections": 978,
      "baseline_detections": 142,
      "change": 836,
      "ground_truth": 606,
      "precision": 0.10940695296523517,
      "recall": 0.17656765676567657,
      "f1_score": 0.1351010101010101,
      "baseline_precision": 0.176056338028169,
      "baseline_recall": 0.041254125412541254,
      "true_positives": 107,
      "false_positives": 871,
      "false_negatives": 499
    },
    "Human head": {
      "threshold": 0.25,
      "detections": 2306,
      "baseline_detections": 0,
      "change": 2306,
      "ground_truth": 458,
      "precision": 0.05637467476149176,
      "recall": 0.2838427947598253,
      "f1_score": 0.09406657018813314,
      "baseline_precision": 0,
      "baseline_recall": 0.0,
      "true_positives": 130,
      "false_positives": 2176,
      "false_negatives": 328
    },
    "Human leg": {
      "threshold": 0.5,
      "detections": 1022,
      "baseline_detections": 1022,
      "change": 0,
      "ground_truth": 618,
      "precision": 0.17906066536203522,
      "recall": 0.2961165048543689,
      "f1_score": 0.22317073170731705,
      "baseline_precision": 0.17906066536203522,
      "baseline_recall": 0.2961165048543689,
      "true_positives": 183,
      "false_positives": 839,
      "false_negatives": 435
    },
    "Human mouth": {
      "threshold": 0.5,
      "detections": 660,
      "baseline_detections": 660,
      "change": 0,
      "ground_truth": 831,
      "precision": 0.1696969696969697,
      "recall": 0.13477737665463296,
      "f1_score": 0.15023474178403756,
      "baseline_precision": 0.1696969696969697,
      "baseline_recall": 0.13477737665463296,
      "true_positives": 112,
      "false_positives": 548,
      "false_negatives": 719
    },
    "Human nose": {
      "threshold": 0.4,
      "detections": 2819,
      "baseline_detections": 1914,
      "change": 905,
      "ground_truth": 796,
      "precision": 0.1376374600922313,
      "recall": 0.48743718592964824,
      "f1_score": 0.21466113416320887,
      "baseline_precision": 0.14681295715778475,
      "baseline_recall": 0.3530150753768844,
      "true_positives": 388,
      "false_positives": 2431,
      "false_negatives": 408
    }
  },
  "baseline_comparison": {
    "baseline_detections": 9430,
    "detection_change": 12663,
    "baseline_precision": 0.17060885815100815,
    "baseline_recall": 0.1968622431035503,
    "baseline_f1": 0.1508670993296187,
    "precision_change": -0.03306512049192051,
    "recall_change": 0.11234943595170985,
    "f1_change": 0.013405923373818518
  }
}