{
  "train_loss": [
    0.357084222892445,
    0.32735664386919266,
    0.319009167927801,
    0.2948055492765192,
    0.28873688182297236,
    0.284477798795591,
    0.27815369555656805,
    0.2774681738622603,
    0.2768295474299858,
    0.27512135531985377
  ],
  "val_loss": [
    0.3346727695206121,
    0.3470872171407889,
    0.3542340644310892,
    0.3364318023571017,
    0.33819946968639897,
    0.341686646782803,
    0.3417460155599655,
    0.34258130351972127,
    0.3432477386811267,
    0.3425958953718649
  ],
  "lr": [
    0.005,
    0.005,
    0.0005,
    0.0005,
    0.0005,
    5e-05,
    5e-05,
    5e-05,
    5e-06,
    5e-06
  ],
  "epoch_times": [
    1289.022445678711,
    1273.395011663437,
    1258.6795814037323,
    1238.665556192398,
    1264.9064376354218,
    1247.6074867248535,
    1249.9541850090027,
    1246.1979439258575,
    866.7531762123108,
    659.8132255077362
  ]
}