{
  "total_detections": 11930,
  "total_ground_truths": 7380,
  "detection_rate": 1.6165311653116532,
  "mean_precision": 0.22355211658365118,
  "mean_recall": 0.2568864033153478,
  "mean_f1_score": 0.16071023714730448,
  "mAP@0.5": 0.22355211658365118,
  "per_class_metrics": {
    "Human arm": {
      "detections": 32,
      "baseline_detections": 0,
      "change": 32,
      "ground_truth": 517,
      "precision": 0.0625,
      "recall": 0.0038684719535783366,
      "f1_score": 0.007285974499089253,
      "avg_confidence": 0.5282490476965904,
      "true_positives": 2,
      "false_positives": 30,
      "false_negatives": 515
    },
    "Human body": {
      "detections": 817,
      "baseline_detections": 244,
      "change": 573,
      "ground_truth": 577,
      "precision": 0.12607099143206854,
      "recall": 0.17850953206239167,
      "f1_score": 0.1477761836441894,
      "avg_confidence": 0.5908925860135325,
      "true_positives": 103,
      "false_positives": 714,
      "false_negatives": 474
    },
    "Human ear": {
      "detections": 1145,
      "baseline_detections": 974,
      "change": 171,
      "ground_truth": 857,
      "precision": 0.2550218340611354,
      "recall": 0.34072345390898484,
      "f1_score": 0.29170829170829177,
      "avg_confidence": 0.5994457143362953,
      "true_positives": 292,
      "false_positives": 853,
      "false_negatives": 565
    },
    "Human eye": {
      "detections": 14,
      "baseline_detections": 96,
      "change": -82,
      "ground_truth": 637,
      "precision": 0.5,
      "recall": 0.01098901098901099,
      "f1_score": 0.021505376344086023,
      "avg_confidence": 0.5680060812405178,
      "true_positives": 7,
      "false_positives": 7,
      "false_negatives": 630
    },
    "Human face": {
      "detections": 2223,
      "baseline_detections": 2043,
      "change": 180,
      "ground_truth": 635,
      "precision": 0.1273054430949168,
      "recall": 0.4456692913385827,
      "f1_score": 0.1980405878236529,
      "avg_confidence": 0.5923165282149921,
      "true_positives": 283,
      "false_positives": 1940,
      "false_negatives": 352
    },
    "Human foot": {
      "detections": 713,
      "baseline_detections": 297,
      "change": 416,
      "ground_truth": 369,
      "precision": 0.2426367461430575,
      "recall": 0.46883468834688347,
      "f1_score": 0.3197781885397412,
      "avg_confidence": 0.6990499753102681,
      "true_positives": 173,
      "false_positives": 540,
      "false_negatives": 196
    },
    "Human hair": {
      "detections": 243,
      "baseline_detections": 0,
      "change": 243,
      "ground_truth": 479,
      "precision": 0.13580246913580246,
      "recall": 0.06889352818371608,
      "f1_score": 0.09141274238227147,
      "avg_confidence": 0.5862246445177023,
      "true_positives": 33,
      "false_positives": 210,
      "false_negatives": 446
    },
    "Human hand": {
      "detections": 11,
      "baseline_detections": 2,
      "change": 9,
      "ground_truth": 606,
      "precision": 0.5454545454545454,
      "recall": 0.009900990099009901,
      "f1_score": 0.019448946515397084,
      "avg_confidence": 0.5761249390515414,
      "true_positives": 6,
      "false_positives": 5,
      "false_negatives": 600
    },
    "Human head": {
      "detections": 0,
      "baseline_detections": 0,
      "change": 0,
      "ground_truth": 458,
      "precision": 0,
      "recall": 0.0,
      "f1_score": 0,
      "avg_confidence": 0.0,
      "true_positives": 0,
      "false_positives": 0,
      "false_negatives": 458
    },
    "Human leg": {
      "detections": 1105,
      "baseline_detections": 465,
      "change": 640,
      "ground_truth": 618,
      "precision": 0.18371040723981902,
      "recall": 0.3284789644012945,
      "f1_score": 0.2356355194428323,
      "avg_confidence": 0.6154574380201452,
      "true_positives": 203,
      "false_positives": 902,
      "false_negatives": 415
    },
    "Human mouth": {
      "detections": 2913,
      "baseline_detections": 1202,
      "change": 1711,
      "ground_truth": 831,
      "precision": 0.1383453484380364,
      "recall": 0.48495788206979545,
      "f1_score": 0.2152777777777778,
      "avg_confidence": 0.6436049447532703,
      "true_positives": 403,
      "false_positives": 2510,
      "false_negatives": 428
    },
    "Human nose": {
      "detections": 2714,
      "baseline_detections": 135,
      "change": 2579,
      "ground_truth": 796,
      "precision": 0.14222549742078114,
      "recall": 0.4849246231155779,
      "f1_score": 0.21994301994301996,
      "avg_confidence": 0.5767036389584215,
      "true_positives": 386,
      "false_positives": 2328,
      "false_negatives": 410
    }
  },
  "threshold": 0.5,
  "baseline_comparison": {
    "baseline_detections": 5458,
    "detection_change": 6472,
    "baseline_precision": 0.30405338956814626,
    "baseline_recall": 0.2148455531727826,
    "baseline_f1": 0.17055564427749278
  }
}