{
  "train_loss": [
    0.3769117018616513,
    0.33265537239560555,
    0.3267402996443562,
    0.31774335698828715,
    0.3113475483442113,
    0.3017739565970977,
    0.29425811471490687,
    0.27760585446976477,
    0.26210823376199155,
    0.24780589021172605
  ],
  "val_loss": [
    0.34519070151142134,
    0.33858885041656855,
    0.3503714039341196,
    0.3431701670887901,
    0.3312192132087356,
    0.3546895263573636,
    0.36293479260123185,
    0.36416543082475944,
    0.37098420582878827,
    0.3792769058729569
  ],
  "lr": [
    0.001,
    0.003,
    0.005,
    0.004810079433615661,
    0.004269231419060436,
    0.0034597951637508994,
    0.0025050000000000003,
    0.0015502048362491013,
    0.0007407685809395642,
    0.0001999205663843396
  ],
  "epoch_times": [
    585.0497500896454,
    578.3971962928772,
    575.8018312454224,
    575.3683698177338,
    578.3849396705627,
    575.9205281734467,
    572.6281816959381,
    574.0144634246826,
    574.4357962608337,
    576.4311685562134
  ]
}