{
  "stage1_train_loss": [
    0.3542455227899675,
    0.3308711648922958,
    0.32303062386666725
  ],
  "stage1_val_loss": [
    0.3332202571060469,
    0.3266881725793746,
    0.3328088429242971
  ],
  "stage1_lr": [
    0.01,
    0.01,
    0.01
  ],
  "stage2_train_loss": [
    0.31836481686931184,
    0.3132027604537162,
    0.3101221156315639,
    0.29176827132534694,
    0.28525072976986426,
    0.28174600290018514,
    0.27510256808584405
  ],
  "stage2_val_loss": [
    0.31954689860484675,
    0.32089705663208695,
    0.34413686947107597,
    0.3296849187969317,
    0.3278728283176456,
    0.3398946123076724,
    0.34060624496045894
  ],
  "stage2_lr": [
    0.005,
    0.005,
    0.0005,
    0.0005,
    0.0005,
    5e-05,
    5e-05
  ],
  "epoch_times": [
    494.52232599258423,
    488.7363865375519,
    490.893532037735,
    670.6420760154724,
    672.2996740341187,
    671.2584891319275,
    669.5937614440918,
    667.6543252468109,
    671.0131349563599,
    667.5652799606323
  ]
}